sample_name,source_name,Strain,sex,age
DGRP_Line_100_Female_SAMN09738660,DGRP Line 100 Female,DGRP_100,female,3-5 days old
DGRP_Line_100_Female_SAMN09738659,DGRP Line 100 Female,DGRP_100,female,3-5 days old
DGRP_Line_100_Male_SAMN09738658,DGRP Line 100 Male,DGRP_100,male,3-5 days old
DGRP_Line_100_Male_SAMN09738657,DGRP Line 100 Male,DGRP_100,male,3-5 days old
DGRP_Line_101_Male_SAMN09738705,DGRP Line 101 Male,DGRP_101,male,3-5 days old
DGRP_Line_105_Female_SAMN09738702,DGRP Line 105 Female,DGRP_105,female,3-5 days old
DGRP_Line_109_Female_SAMN09738698,DGRP Line 109 Female,DGRP_109,female,3-5 days old
DGRP_Line_129_Female_SAMN09738695,DGRP Line 129 Female,DGRP_129,female,3-5 days old
DGRP_Line_136_Female_SAMN09738691,DGRP Line 136 Female,DGRP_136,female,3-5 days old
DGRP_Line_136_Male_SAMN09738689,DGRP Line 136 Male,DGRP_136,male,3-5 days old
DGRP_Line_138_Female_SAMN09738687,DGRP Line 138 Female,DGRP_138,female,3-5 days old
DGRP_Line_149_Male_SAMN09738723,DGRP Line 149 Male,DGRP_149,male,3-5 days old
DGRP_Line_153_Female_SAMN09738721,DGRP Line 153 Female,DGRP_153,female,3-5 days old
DGRP_Line_153_Male_SAMN09738720,DGRP Line 153 Male,DGRP_153,male,3-5 days old
DGRP_Line_158_Female_SAMN09738718,DGRP Line 158 Female,DGRP_158,female,3-5 days old
DGRP_Line_158_Male_SAMN09738716,DGRP Line 158 Male,DGRP_158,male,3-5 days old
DGRP_Line_176_Female_SAMN09738709,DGRP Line 176 Female,DGRP_176,female,3-5 days old
DGRP_Line_176_Male_SAMN09738708,DGRP Line 176 Male,DGRP_176,male,3-5 days old
DGRP_Line_177_Male_SAMN09738753,DGRP Line 177 Male,DGRP_177,male,3-5 days old
DGRP_Line_181_Female_SAMN09738752,DGRP Line 181 Female,DGRP_181,female,3-5 days old
DGRP_Line_181_Male_SAMN09738441,DGRP Line 181 Male,DGRP_181,male,3-5 days old
DGRP_Line_189_Female_SAMN09738439,DGRP Line 189 Female,DGRP_189,female,3-5 days old
DGRP_Line_195_Female_SAMN09738436,DGRP Line 195 Female,DGRP_195,female,3-5 days old
DGRP_Line_195_Male_SAMN09738682,DGRP Line 195 Male,DGRP_195,male,3-5 days old
DGRP_Line_208_Male_SAMN09738679,DGRP Line 208 Male,DGRP_208,male,3-5 days old
DGRP_Line_217_Male_SAMN09738671,DGRP Line 217 Male,DGRP_217,male,3-5 days old
DGRP_Line_223_Female_SAMN09738669,DGRP Line 223 Female,DGRP_223,female,3-5 days old
DGRP_Line_223_Female_SAMN09738668,DGRP Line 223 Female,DGRP_223,female,3-5 days old
DGRP_Line_223_Male_SAMN09738666,DGRP Line 223 Male,DGRP_223,male,3-5 days old
DGRP_Line_227_Female_SAMN09738664,DGRP Line 227 Female,DGRP_227,female,3-5 days old
DGRP_Line_228_Female_SAMN09738661,DGRP Line 228 Female,DGRP_228,female,3-5 days old
DGRP_Line_228_Male_SAMN09738394,DGRP Line 228 Male,DGRP_228,male,3-5 days old
DGRP_Line_229_Male_SAMN09738389,DGRP Line 229 Male,DGRP_229,male,3-5 days old
DGRP_Line_233_Male_SAMN09738385,DGRP Line 233 Male,DGRP_233,male,3-5 days old
DGRP_Line_237_Female_SAMN09738432,DGRP Line 237 Female,DGRP_237,female,3-5 days old
DGRP_Line_237_Male_SAMN09738430,DGRP Line 237 Male,DGRP_237,male,3-5 days old
DGRP_Line_239_Female_SAMN09738429,DGRP Line 239 Female,DGRP_239,female,3-5 days old
DGRP_Line_256_Female_SAMN09738425,DGRP Line 256 Female,DGRP_256,female,3-5 days old
DGRP_Line_26_Male_SAMN09738419,DGRP Line 26 Male,DGRP_26,male,3-5 days old
DGRP_Line_28_Female_SAMN09738357,DGRP Line 28 Female,DGRP_28,female,3-5 days old
DGRP_Line_28_Male_SAMN09738355,DGRP Line 28 Male,DGRP_28,male,3-5 days old
DGRP_Line_287_Male_SAMN09738346,DGRP Line 287 Male,DGRP_287,male,3-5 days old
DGRP_Line_301_Male_SAMN09738342,DGRP Line 301 Male,DGRP_301,male,3-5 days old
DGRP_Line_303_Female_SAMN09738340,DGRP Line 303 Female,DGRP_303,female,3-5 days old
DGRP_Line_303_Male_SAMN09738339,DGRP Line 303 Male,DGRP_303,male,3-5 days old
DGRP_Line_304_Male_SAMN09738335,DGRP Line 304 Male,DGRP_304,male,3-5 days old
DGRP_Line_310_Female_SAMN09738369,DGRP Line 310 Female,DGRP_310,female,3-5 days old
DGRP_Line_310_Male_SAMN09738367,DGRP Line 310 Male,DGRP_310,male,3-5 days old
DGRP_Line_310_Male_SAMN09738366,DGRP Line 310 Male,DGRP_310,male,3-5 days old
DGRP_Line_313_Male_SAMN09738362,DGRP Line 313 Male,DGRP_313,male,3-5 days old
DGRP_Line_315_Female_SAMN09738409,DGRP Line 315 Female,DGRP_315,female,3-5 days old
DGRP_Line_315_Male_SAMN09738408,DGRP Line 315 Male,DGRP_315,male,3-5 days old
DGRP_Line_315_Male_SAMN09738407,DGRP Line 315 Male,DGRP_315,male,3-5 days old
DGRP_Line_317_Female_SAMN09738406,DGRP Line 317 Female,DGRP_317,female,3-5 days old
DGRP_Line_317_Male_SAMN09738404,DGRP Line 317 Male,DGRP_317,male,3-5 days old
DGRP_Line_317_Male_SAMN09738403,DGRP Line 317 Male,DGRP_317,male,3-5 days old
DGRP_Line_318_Male_SAMN09738399,DGRP Line 318 Male,DGRP_318,male,3-5 days old
DGRP_Line_319_Female_SAMN09738398,DGRP Line 319 Female,DGRP_319,female,3-5 days old
DGRP_Line_32_Female_SAMN09738417,DGRP Line 32 Female,DGRP_32,female,3-5 days old
DGRP_Line_320_Female_SAMN09738413,DGRP Line 320 Female,DGRP_320,female,3-5 days old
DGRP_Line_320_Female_SAMN09738412,DGRP Line 320 Female,DGRP_320,female,3-5 days old
DGRP_Line_320_Male_SAMN09738411,DGRP Line 320 Male,DGRP_320,male,3-5 days old
DGRP_Line_320_Male_SAMN09738410,DGRP Line 320 Male,DGRP_320,male,3-5 days old
DGRP_Line_321_Male_SAMN09738652,DGRP Line 321 Male,DGRP_321,male,3-5 days old
DGRP_Line_321_Male_SAMN09738651,DGRP Line 321 Male,DGRP_321,male,3-5 days old
DGRP_Line_332_Male_SAMN09738443,DGRP Line 332 Male,DGRP_332,male,3-5 days old
DGRP_Line_336_Female_SAMN09738241,DGRP Line 336 Female,DGRP_336,female,3-5 days old
DGRP_Line_338_Male_SAMN09738305,DGRP Line 338 Male,DGRP_338,male,3-5 days old
DGRP_Line_348_Female_SAMN09738298,DGRP Line 348 Female,DGRP_348,female,3-5 days old
DGRP_Line_348_Male_SAMN09738297,DGRP Line 348 Male,DGRP_348,male,3-5 days old
DGRP_Line_350_Female_SAMN09738294,DGRP Line 350 Female,DGRP_350,female,3-5 days old
DGRP_Line_350_Male_SAMN09738292,DGRP Line 350 Male,DGRP_350,male,3-5 days old
DGRP_Line_352_Female_SAMN09738290,DGRP Line 352 Female,DGRP_352,female,3-5 days old
DGRP_Line_352_Male_SAMN09738289,DGRP Line 352 Male,DGRP_352,male,3-5 days old
DGRP_Line_354_Female_SAMN09738287,DGRP Line 354 Female,DGRP_354,female,3-5 days old
DGRP_Line_356_Female_SAMN09738286,DGRP Line 356 Female,DGRP_356,female,3-5 days old
DGRP_Line_357_Female_SAMN09738325,DGRP Line 357 Female,DGRP_357,female,3-5 days old
DGRP_Line_357_Male_SAMN09738323,DGRP Line 357 Male,DGRP_357,male,3-5 days old
DGRP_Line_358_Female_SAMN09738322,DGRP Line 358 Female,DGRP_358,female,3-5 days old
DGRP_Line_358_Male_SAMN09738320,DGRP Line 358 Male,DGRP_358,male,3-5 days old
DGRP_Line_358_Male_SAMN09738319,DGRP Line 358 Male,DGRP_358,male,3-5 days old
DGRP_Line_359_Female_SAMN09738318,DGRP Line 359 Female,DGRP_359,female,3-5 days old
DGRP_Line_359_Female_SAMN09738317,DGRP Line 359 Female,DGRP_359,female,3-5 days old
DGRP_Line_360_Male_SAMN09738312,DGRP Line 360 Male,DGRP_360,male,3-5 days old
DGRP_Line_361_Female_SAMN09738309,DGRP Line 361 Female,DGRP_361,female,3-5 days old
DGRP_Line_361_Male_SAMN09738360,DGRP Line 361 Male,DGRP_361,male,3-5 days old
DGRP_Line_362_Female_SAMN09738220,DGRP Line 362 Female,DGRP_362,female,3-5 days old
DGRP_Line_365_Female_SAMN09738217,DGRP Line 365 Female,DGRP_365,female,3-5 days old
DGRP_Line_365_Female_SAMN09738282,DGRP Line 365 Female,DGRP_365,female,3-5 days old
DGRP_Line_367_Female_SAMN09738278,DGRP Line 367 Female,DGRP_367,female,3-5 days old
DGRP_Line_367_Male_SAMN09738275,DGRP Line 367 Male,DGRP_367,male,3-5 days old
DGRP_Line_370_Female_SAMN09738274,DGRP Line 370 Female,DGRP_370,female,3-5 days old
DGRP_Line_370_Female_SAMN09738273,DGRP Line 370 Female,DGRP_370,female,3-5 days old
DGRP_Line_370_Male_SAMN09738272,DGRP Line 370 Male,DGRP_370,male,3-5 days old
DGRP_Line_375_Female_SAMN09738249,DGRP Line 375 Female,DGRP_375,female,3-5 days old
DGRP_Line_377_Male_SAMN09738151,DGRP Line 377 Male,DGRP_377,male,3-5 days old
DGRP_Line_379_Female_SAMN09738149,DGRP Line 379 Female,DGRP_379,female,3-5 days old
DGRP_Line_38_Female_SAMN09738145,DGRP Line 38 Female,DGRP_38,female,3-5 days old
DGRP_Line_380_Male_SAMN09738140,DGRP Line 380 Male,DGRP_380,male,3-5 days old
DGRP_Line_380_Male_SAMN09738216,DGRP Line 380 Male,DGRP_380,male,3-5 days old
DGRP_Line_381_Female_SAMN09738214,DGRP Line 381 Female,DGRP_381,female,3-5 days old
DGRP_Line_381_Male_SAMN09738212,DGRP Line 381 Male,DGRP_381,male,3-5 days old
DGRP_Line_382_Male_SAMN09738209,DGRP Line 382 Male,DGRP_382,male,3-5 days old
DGRP_Line_385_Female_SAMN09738202,DGRP Line 385 Female,DGRP_385,female,3-5 days old
DGRP_Line_386_Male_SAMN09738201,DGRP Line 386 Male,DGRP_386,male,3-5 days old
DGRP_Line_386_Male_SAMN09738200,DGRP Line 386 Male,DGRP_386,male,3-5 days old
DGRP_Line_390_Female_SAMN09738198,DGRP Line 390 Female,DGRP_390,female,3-5 days old
DGRP_Line_390_Male_SAMN09738193,DGRP Line 390 Male,DGRP_390,male,3-5 days old
DGRP_Line_391_Male_SAMN09738238,DGRP Line 391 Male,DGRP_391,male,3-5 days old
DGRP_Line_391_Male_SAMN09738237,DGRP Line 391 Male,DGRP_391,male,3-5 days old
DGRP_Line_392_Female_SAMN09738236,DGRP Line 392 Female,DGRP_392,female,3-5 days old
DGRP_Line_392_Male_SAMN09738233,DGRP Line 392 Male,DGRP_392,male,3-5 days old
DGRP_Line_395_Female_SAMN09738231,DGRP Line 395 Female,DGRP_395,female,3-5 days old
DGRP_Line_397_Female_SAMN09738227,DGRP Line 397 Female,DGRP_397,female,3-5 days old
DGRP_Line_399_Female_SAMN09738224,DGRP Line 399 Female,DGRP_399,female,3-5 days old
DGRP_Line_399_Female_SAMN09738222,DGRP Line 399 Female,DGRP_399,female,3-5 days old
DGRP_Line_40_Male_SAMN09738138,DGRP Line 40 Male,DGRP_40,male,3-5 days old
DGRP_Line_405_Female_SAMN09738135,DGRP Line 405 Female,DGRP_405,female,3-5 days old
DGRP_Line_406_Female_SAMN09738132,DGRP Line 406 Female,DGRP_406,female,3-5 days old
DGRP_Line_406_Male_SAMN09738130,DGRP Line 406 Male,DGRP_406,male,3-5 days old
DGRP_Line_409_Female_SAMN09738128,DGRP Line 409 Female,DGRP_409,female,3-5 days old
DGRP_Line_409_Male_SAMN09738125,DGRP Line 409 Male,DGRP_409,male,3-5 days old
DGRP_Line_41_Female_SAMN09738124,DGRP Line 41 Female,DGRP_41,female,3-5 days old
DGRP_Line_41_Male_SAMN09738122,DGRP Line 41 Male,DGRP_41,male,3-5 days old
DGRP_Line_42_Male_SAMN09738190,DGRP Line 42 Male,DGRP_42,male,3-5 days old
DGRP_Line_426_Female_SAMN09738189,DGRP Line 426 Female,DGRP_426,female,3-5 days old
DGRP_Line_427_Female_SAMN09738749,DGRP Line 427 Female,DGRP_427,female,3-5 days old
DGRP_Line_427_Male_SAMN09738747,DGRP Line 427 Male,DGRP_427,male,3-5 days old
DGRP_Line_437_Female_SAMN09738745,DGRP Line 437 Female,DGRP_437,female,3-5 days old
DGRP_Line_439_Female_SAMN09738742,DGRP Line 439 Female,DGRP_439,female,3-5 days old
DGRP_Line_439_Male_SAMN09738739,DGRP Line 439 Male,DGRP_439,male,3-5 days old
DGRP_Line_440_Male_SAMN09738735,DGRP Line 440 Male,DGRP_440,male,3-5 days old
DGRP_Line_441_Female_SAMN09738734,DGRP Line 441 Female,DGRP_441,female,3-5 days old
DGRP_Line_441_Female_SAMN09738733,DGRP Line 441 Female,DGRP_441,female,3-5 days old
DGRP_Line_443_Female_SAMN09738766,DGRP Line 443 Female,DGRP_443,female,3-5 days old
DGRP_Line_443_Female_SAMN09738765,DGRP Line 443 Female,DGRP_443,female,3-5 days old
DGRP_Line_443_Male_SAMN09738763,DGRP Line 443 Male,DGRP_443,male,3-5 days old
DGRP_Line_45_Female_SAMN09738761,DGRP Line 45 Female,DGRP_45,female,3-5 days old
DGRP_Line_45_Male_SAMN09738759,DGRP Line 45 Male,DGRP_45,male,3-5 days old
DGRP_Line_48_Female_SAMN09738116,DGRP Line 48 Female,DGRP_48,female,3-5 days old
DGRP_Line_486_Female_SAMN09738756,DGRP Line 486 Female,DGRP_486,female,3-5 days old
DGRP_Line_486_Male_SAMN09738111,DGRP Line 486 Male,DGRP_486,male,3-5 days old
DGRP_Line_49_Female_SAMN09738108,DGRP Line 49 Female,DGRP_49,female,3-5 days old
DGRP_Line_491_Female_SAMN09738105,DGRP Line 491 Female,DGRP_491,female,3-5 days old
DGRP_Line_491_Male_SAMN09738103,DGRP Line 491 Male,DGRP_491,male,3-5 days old
DGRP_Line_491_Male_SAMN09738102,DGRP Line 491 Male,DGRP_491,male,3-5 days old
DGRP_Line_492_Female_SAMN09738100,DGRP Line 492 Female,DGRP_492,female,3-5 days old
DGRP_Line_492_Male_SAMN09738099,DGRP Line 492 Male,DGRP_492,male,3-5 days old
DGRP_Line_492_Male_SAMN09738098,DGRP Line 492 Male,DGRP_492,male,3-5 days old
DGRP_Line_502_Female_SAMN09738807,DGRP Line 502 Female,DGRP_502,female,3-5 days old
DGRP_Line_502_Female_SAMN09738806,DGRP Line 502 Female,DGRP_502,female,3-5 days old
DGRP_Line_505_Female_SAMN09738803,DGRP Line 505 Female,DGRP_505,female,3-5 days old
DGRP_Line_505_Male_SAMN09738801,DGRP Line 505 Male,DGRP_505,male,3-5 days old
DGRP_Line_505_Male_SAMN09738800,DGRP Line 505 Male,DGRP_505,male,3-5 days old
DGRP_Line_508_Female_SAMN09738798,DGRP Line 508 Female,DGRP_508,female,3-5 days old
DGRP_Line_508_Male_SAMN09738796,DGRP Line 508 Male,DGRP_508,male,3-5 days old
DGRP_Line_509_Female_SAMN09738794,DGRP Line 509 Female,DGRP_509,female,3-5 days old
DGRP_Line_509_Male_SAMN09738792,DGRP Line 509 Male,DGRP_509,male,3-5 days old
DGRP_Line_513_Male_SAMN09738833,DGRP Line 513 Male,DGRP_513,male,3-5 days old
DGRP_Line_517_Male_SAMN09738829,DGRP Line 517 Male,DGRP_517,male,3-5 days old
DGRP_Line_528_Female_SAMN09738827,DGRP Line 528 Female,DGRP_528,female,3-5 days old
DGRP_Line_531_Male_SAMN09738816,DGRP Line 531 Male,DGRP_531,male,3-5 days old
DGRP_Line_535_Male_SAMN09738863,DGRP Line 535 Male,DGRP_535,male,3-5 days old
DGRP_Line_551_Female_SAMN09738859,DGRP Line 551 Female,DGRP_551,female,3-5 days old
DGRP_Line_555_Male_SAMN09738855,DGRP Line 555 Male,DGRP_555,male,3-5 days old
DGRP_Line_559_Male_SAMN09738851,DGRP Line 559 Male,DGRP_559,male,3-5 days old
DGRP_Line_563_Female_SAMN09738849,DGRP Line 563 Female,DGRP_563,female,3-5 days old
DGRP_Line_566_Male_SAMN09738842,DGRP Line 566 Male,DGRP_566,male,3-5 days old
DGRP_Line_57_Male_SAMN09738838,DGRP Line 57 Male,DGRP_57,male,3-5 days old
DGRP_Line_589_Female_SAMN09738912,DGRP Line 589 Female,DGRP_589,female,3-5 days old
DGRP_Line_59_Female_SAMN09738908,DGRP Line 59 Female,DGRP_59,female,3-5 days old
DGRP_Line_59_Male_SAMN09738905,DGRP Line 59 Male,DGRP_59,male,3-5 days old
DGRP_Line_595_Female_SAMN09738904,DGRP Line 595 Female,DGRP_595,female,3-5 days old
DGRP_Line_596_Female_SAMN09738900,DGRP Line 596 Female,DGRP_596,female,3-5 days old
DGRP_Line_596_Male_SAMN09738898,DGRP Line 596 Male,DGRP_596,male,3-5 days old
DGRP_Line_627_Female_SAMN09738896,DGRP Line 627 Female,DGRP_627,female,3-5 days old
DGRP_Line_627_Female_SAMN09738895,DGRP Line 627 Female,DGRP_627,female,3-5 days old
DGRP_Line_627_Male_SAMN09738894,DGRP Line 627 Male,DGRP_627,male,3-5 days old
DGRP_Line_630_Female_SAMN09738944,DGRP Line 630 Female,DGRP_630,female,3-5 days old
DGRP_Line_634_Female_SAMN09738939,DGRP Line 634 Female,DGRP_634,female,3-5 days old
DGRP_Line_634_Male_SAMN09738937,DGRP Line 634 Male,DGRP_634,male,3-5 days old
DGRP_Line_639_Female_SAMN09738935,DGRP Line 639 Female,DGRP_639,female,3-5 days old
DGRP_Line_639_Male_SAMN09738889,DGRP Line 639 Male,DGRP_639,male,3-5 days old
DGRP_Line_642_Female_SAMN09738888,DGRP Line 642 Female,DGRP_642,female,3-5 days old
DGRP_Line_642_Female_SAMN09738887,DGRP Line 642 Female,DGRP_642,female,3-5 days old
DGRP_Line_642_Male_SAMN09738886,DGRP Line 642 Male,DGRP_642,male,3-5 days old
DGRP_Line_69_Female_SAMN09738883,DGRP Line 69 Female,DGRP_69,female,3-5 days old
DGRP_Line_703_Male_SAMN09738877,DGRP Line 703 Male,DGRP_703,male,3-5 days old
DGRP_Line_705_Female_SAMN09738876,DGRP Line 705 Female,DGRP_705,female,3-5 days old
DGRP_Line_705_Female_SAMN09738875,DGRP Line 705 Female,DGRP_705,female,3-5 days old
DGRP_Line_705_Male_SAMN09738874,DGRP Line 705 Male,DGRP_705,male,3-5 days old
DGRP_Line_705_Male_SAMN09738873,DGRP Line 705 Male,DGRP_705,male,3-5 days old
DGRP_Line_707_Female_SAMN09738872,DGRP Line 707 Female,DGRP_707,female,3-5 days old
DGRP_Line_707_Male_SAMN09738870,DGRP Line 707 Male,DGRP_707,male,3-5 days old
DGRP_Line_707_Male_SAMN09738869,DGRP Line 707 Male,DGRP_707,male,3-5 days old
DGRP_Line_712_Female_SAMN09738868,DGRP Line 712 Female,DGRP_712,female,3-5 days old
DGRP_Line_714_Female_SAMN09738916,DGRP Line 714 Female,DGRP_714,female,3-5 days old
DGRP_Line_714_Female_SAMN09738915,DGRP Line 714 Female,DGRP_714,female,3-5 days old
DGRP_Line_714_Male_SAMN09738914,DGRP Line 714 Male,DGRP_714,male,3-5 days old
DGRP_Line_716_Female_SAMN09738933,DGRP Line 716 Female,DGRP_716,female,3-5 days old
DGRP_Line_716_Female_SAMN09738932,DGRP Line 716 Female,DGRP_716,female,3-5 days old
DGRP_Line_716_Male_SAMN09738931,DGRP Line 716 Male,DGRP_716,male,3-5 days old
DGRP_Line_716_Male_SAMN09738930,DGRP Line 716 Male,DGRP_716,male,3-5 days old
DGRP_Line_721_Female_SAMN09738924,DGRP Line 721 Female,DGRP_721,female,3-5 days old
DGRP_Line_73_Female_SAMN09738921,DGRP Line 73 Female,DGRP_73,female,3-5 days old
DGRP_Line_730_Female_SAMN09738969,DGRP Line 730 Female,DGRP_730,female,3-5 days old
DGRP_Line_730_Male_SAMN09738967,DGRP Line 730 Male,DGRP_730,male,3-5 days old
DGRP_Line_732_Male_SAMN09738963,DGRP Line 732 Male,DGRP_732,male,3-5 days old
DGRP_Line_737_Female_SAMN09738961,DGRP Line 737 Female,DGRP_737,female,3-5 days old
DGRP_Line_738_Female_SAMN09739055,DGRP Line 738 Female,DGRP_738,female,3-5 days old
DGRP_Line_738_Male_SAMN09739054,DGRP Line 738 Male,DGRP_738,male,3-5 days old
DGRP_Line_748_Female_SAMN09739052,DGRP Line 748 Female,DGRP_748,female,3-5 days old
DGRP_Line_748_Male_SAMN09739049,DGRP Line 748 Male,DGRP_748,male,3-5 days old
DGRP_Line_75_Male_SAMN09739046,DGRP Line 75 Male,DGRP_75,male,3-5 days old
DGRP_Line_75_Male_SAMN09739045,DGRP Line 75 Male,DGRP_75,male,3-5 days old
DGRP_Line_757_Female_SAMN09739044,DGRP Line 757 Female,DGRP_757,female,3-5 days old
DGRP_Line_757_Female_SAMN09739043,DGRP Line 757 Female,DGRP_757,female,3-5 days old
DGRP_Line_757_Male_SAMN09739041,DGRP Line 757 Male,DGRP_757,male,3-5 days old
DGRP_Line_761_Male_SAMN09739038,DGRP Line 761 Male,DGRP_761,male,3-5 days old
DGRP_Line_761_Male_SAMN09739037,DGRP Line 761 Male,DGRP_761,male,3-5 days old
DGRP_Line_765_Female_SAMN09739036,DGRP Line 765 Female,DGRP_765,female,3-5 days old
DGRP_Line_765_Male_SAMN09739097,DGRP Line 765 Male,DGRP_765,male,3-5 days old
DGRP_Line_774_Female_SAMN09739095,DGRP Line 774 Female,DGRP_774,female,3-5 days old
DGRP_Line_774_Male_SAMN09739092,DGRP Line 774 Male,DGRP_774,male,3-5 days old
DGRP_Line_776_Male_SAMN09739089,DGRP Line 776 Male,DGRP_776,male,3-5 days old
DGRP_Line_783_Male_SAMN09739085,DGRP Line 783 Male,DGRP_783,male,3-5 days old
DGRP_Line_786_Female_SAMN09739083,DGRP Line 786 Female,DGRP_786,female,3-5 days old
DGRP_Line_786_Male_SAMN09739080,DGRP Line 786 Male,DGRP_786,male,3-5 days old
DGRP_Line_787_Male_SAMN09739076,DGRP Line 787 Male,DGRP_787,male,3-5 days old
DGRP_Line_790_Female_SAMN09739074,DGRP Line 790 Female,DGRP_790,female,3-5 days old
DGRP_Line_790_Male_SAMN09739073,DGRP Line 790 Male,DGRP_790,male,3-5 days old
DGRP_Line_790_Male_SAMN09739072,DGRP Line 790 Male,DGRP_790,male,3-5 days old
DGRP_Line_796_Male_SAMN09739127,DGRP Line 796 Male,DGRP_796,male,3-5 days old
DGRP_Line_799_Female_SAMN09739125,DGRP Line 799 Female,DGRP_799,female,3-5 days old
DGRP_Line_801_Female_SAMN09739121,DGRP Line 801 Female,DGRP_801,female,3-5 days old
DGRP_Line_801_Male_SAMN09739119,DGRP Line 801 Male,DGRP_801,male,3-5 days old
DGRP_Line_802_Female_SAMN09739118,DGRP Line 802 Female,DGRP_802,female,3-5 days old
DGRP_Line_802_Female_SAMN09739018,DGRP Line 802 Female,DGRP_802,female,3-5 days old
DGRP_Line_802_Male_SAMN09739015,DGRP Line 802 Male,DGRP_802,male,3-5 days old
DGRP_Line_804_Female_SAMN09739014,DGRP Line 804 Female,DGRP_804,female,3-5 days old
DGRP_Line_804_Male_SAMN09739012,DGRP Line 804 Male,DGRP_804,male,3-5 days old
DGRP_Line_804_Male_SAMN09739011,DGRP Line 804 Male,DGRP_804,male,3-5 days old
DGRP_Line_805_Male_SAMN09739009,DGRP Line 805 Male,DGRP_805,male,3-5 days old
DGRP_Line_808_Female_SAMN09739006,DGRP Line 808 Female,DGRP_808,female,3-5 days old
DGRP_Line_808_Male_SAMN09739005,DGRP Line 808 Male,DGRP_808,male,3-5 days old
DGRP_Line_810_Female_SAMN09739002,DGRP Line 810 Female,DGRP_810,female,3-5 days old
DGRP_Line_812_Female_SAMN09739066,DGRP Line 812 Female,DGRP_812,female,3-5 days old
DGRP_Line_812_Female_SAMN09739065,DGRP Line 812 Female,DGRP_812,female,3-5 days old
DGRP_Line_812_Male_SAMN09739064,DGRP Line 812 Male,DGRP_812,male,3-5 days old
DGRP_Line_818_Female_SAMN09739062,DGRP Line 818 Female,DGRP_818,female,3-5 days old
DGRP_Line_820_Female_SAMN09738956,DGRP Line 820 Female,DGRP_820,female,3-5 days old
DGRP_Line_820_Female_SAMN09738955,DGRP Line 820 Female,DGRP_820,female,3-5 days old
DGRP_Line_821_Female_SAMN09738949,DGRP Line 821 Female,DGRP_821,female,3-5 days old
DGRP_Line_83_Female_SAMN09739001,DGRP Line 83 Female,DGRP_83,female,3-5 days old
DGRP_Line_83_Female_SAMN09739000,DGRP Line 83 Female,DGRP_83,female,3-5 days old
DGRP_Line_83_Male_SAMN09738999,DGRP Line 83 Male,DGRP_83,male,3-5 days old
DGRP_Line_83_Male_SAMN09738998,DGRP Line 83 Male,DGRP_83,male,3-5 days old
DGRP_Line_832_Female_SAMN09738997,DGRP Line 832 Female,DGRP_832,female,3-5 days old
DGRP_Line_837_Female_SAMN09738992,DGRP Line 837 Female,DGRP_837,female,3-5 days old
DGRP_Line_837_Male_SAMN09738991,DGRP Line 837 Male,DGRP_837,male,3-5 days old
DGRP_Line_843_Male_SAMN09738987,DGRP Line 843 Male,DGRP_843,male,3-5 days old
DGRP_Line_849_Female_SAMN09738984,DGRP Line 849 Female,DGRP_849,female,3-5 days old
DGRP_Line_85_Female_SAMN09738981,DGRP Line 85 Female,DGRP_85,female,3-5 days old
DGRP_Line_852_Female_SAMN09738972,DGRP Line 852 Female,DGRP_852,female,3-5 days old
DGRP_Line_852_Male_SAMN09738971,DGRP Line 852 Male,DGRP_852,male,3-5 days old
DGRP_Line_852_Male_SAMN09739034,DGRP Line 852 Male,DGRP_852,male,3-5 days old
DGRP_Line_853_Female_SAMN09739032,DGRP Line 853 Female,DGRP_853,female,3-5 days old
DGRP_Line_853_Male_SAMN09739030,DGRP Line 853 Male,DGRP_853,male,3-5 days old
DGRP_Line_855_Female_SAMN09739029,DGRP Line 855 Female,DGRP_855,female,3-5 days old
DGRP_Line_857_Female_SAMN09739025,DGRP Line 857 Female,DGRP_857,female,3-5 days old
DGRP_Line_857_Female_SAMN09739024,DGRP Line 857 Female,DGRP_857,female,3-5 days old
DGRP_Line_857_Male_SAMN09739023,DGRP Line 857 Male,DGRP_857,male,3-5 days old
DGRP_Line_861_Female_SAMN09739020,DGRP Line 861 Female,DGRP_861,female,3-5 days old
DGRP_Line_861_Male_SAMN09739019,DGRP Line 861 Male,DGRP_861,male,3-5 days old
DGRP_Line_88_Female_SAMN09739116,DGRP Line 88 Female,DGRP_88,female,3-5 days old
DGRP_Line_88_Female_SAMN09739115,DGRP Line 88 Female,DGRP_88,female,3-5 days old
DGRP_Line_882_Female_SAMN09739112,DGRP Line 882 Female,DGRP_882,female,3-5 days old
DGRP_Line_884_Female_SAMN09739109,DGRP Line 884 Female,DGRP_884,female,3-5 days old
DGRP_Line_890_Male_SAMN09739102,DGRP Line 890 Male,DGRP_890,male,3-5 days old
DGRP_Line_892_Female_SAMN09739100,DGRP Line 892 Female,DGRP_892,female,3-5 days old
DGRP_Line_892_Female_SAMN09739099,DGRP Line 892 Female,DGRP_892,female,3-5 days old
DGRP_Line_892_Male_SAMN09739098,DGRP Line 892 Male,DGRP_892,male,3-5 days old
DGRP_Line_892_Male_SAMN09739160,DGRP Line 892 Male,DGRP_892,male,3-5 days old
DGRP_Line_894_Female_SAMN09739159,DGRP Line 894 Female,DGRP_894,female,3-5 days old
DGRP_Line_894_Male_SAMN09739157,DGRP Line 894 Male,DGRP_894,male,3-5 days old
DGRP_Line_897_Female_SAMN09739154,DGRP Line 897 Female,DGRP_897,female,3-5 days old
DGRP_Line_897_Male_SAMN09739153,DGRP Line 897 Male,DGRP_897,male,3-5 days old
DGRP_Line_897_Male_SAMN09739152,DGRP Line 897 Male,DGRP_897,male,3-5 days old
DGRP_Line_900_Female_SAMN09739150,DGRP Line 900 Female,DGRP_900,female,3-5 days old
DGRP_Line_907_Female_SAMN09739147,DGRP Line 907 Female,DGRP_907,female,3-5 days old
DGRP_Line_907_Female_SAMN09739146,DGRP Line 907 Female,DGRP_907,female,3-5 days old
DGRP_Line_907_Male_SAMN09739144,DGRP Line 907 Male,DGRP_907,male,3-5 days old
DGRP_Line_908_Male_SAMN09739141,DGRP Line 908 Male,DGRP_908,male,3-5 days old
DGRP_Line_908_Male_SAMN09739140,DGRP Line 908 Male,DGRP_908,male,3-5 days old
DGRP_Line_91_Female_SAMN09739139,DGRP Line 91 Female,DGRP_91,female,3-5 days old
DGRP_Line_91_Female_SAMN09739138,DGRP Line 91 Female,DGRP_91,female,3-5 days old
DGRP_Line_91_Male_SAMN09739137,DGRP Line 91 Male,DGRP_91,male,3-5 days old
DGRP_Line_911_Male_SAMN09739133,DGRP Line 911 Male,DGRP_911,male,3-5 days old
DGRP_Line_913_Female_SAMN09739131,DGRP Line 913 Female,DGRP_913,female,3-5 days old
DGRP_Line_93_Female_SAMN09739164,DGRP Line 93 Female,DGRP_93,female,3-5 days old
DGRP_Line_101_Female_SAMN09738656,DGRP Line 101 Female,DGRP_101,female,3-5 days old
DGRP_Line_105_Female_SAMN09738703,DGRP Line 105 Female,DGRP_105,female,3-5 days old
DGRP_Line_105_Male_SAMN09738701,DGRP Line 105 Male,DGRP_105,male,3-5 days old
DGRP_Line_129_Female_SAMN09738694,DGRP Line 129 Female,DGRP_129,female,3-5 days old
DGRP_Line_129_Male_SAMN09738693,DGRP Line 129 Male,DGRP_129,male,3-5 days old
DGRP_Line_136_Female_SAMN09738690,DGRP Line 136 Female,DGRP_136,female,3-5 days old
DGRP_Line_136_Male_SAMN09738688,DGRP Line 136 Male,DGRP_136,male,3-5 days old
DGRP_Line_138_Female_SAMN09738686,DGRP Line 138 Female,DGRP_138,female,3-5 days old
DGRP_Line_138_Male_SAMN09738685,DGRP Line 138 Male,DGRP_138,male,3-5 days old
DGRP_Line_142_Female_SAMN09738730,DGRP Line 142 Female,DGRP_142,female,3-5 days old
DGRP_Line_142_Male_SAMN09738727,DGRP Line 142 Male,DGRP_142,male,3-5 days old
DGRP_Line_149_Female_SAMN09738726,DGRP Line 149 Female,DGRP_149,female,3-5 days old
DGRP_Line_153_Male_SAMN09738719,DGRP Line 153 Male,DGRP_153,male,3-5 days old
DGRP_Line_161_Female_SAMN09738714,DGRP Line 161 Female,DGRP_161,female,3-5 days old
DGRP_Line_161_Female_SAMN09738713,DGRP Line 161 Female,DGRP_161,female,3-5 days old
DGRP_Line_161_Male_SAMN09738712,DGRP Line 161 Male,DGRP_161,male,3-5 days old
DGRP_Line_161_Male_SAMN09738711,DGRP Line 161 Male,DGRP_161,male,3-5 days old
DGRP_Line_176_Female_SAMN09738710,DGRP Line 176 Female,DGRP_176,female,3-5 days old
DGRP_Line_176_Male_SAMN09738707,DGRP Line 176 Male,DGRP_176,male,3-5 days old
DGRP_Line_177_Female_SAMN09738706,DGRP Line 177 Female,DGRP_177,female,3-5 days old
DGRP_Line_177_Female_SAMN09738755,DGRP Line 177 Female,DGRP_177,female,3-5 days old
DGRP_Line_177_Male_SAMN09738754,DGRP Line 177 Male,DGRP_177,male,3-5 days old
DGRP_Line_181_Female_SAMN09738751,DGRP Line 181 Female,DGRP_181,female,3-5 days old
DGRP_Line_181_Male_SAMN09738750,DGRP Line 181 Male,DGRP_181,male,3-5 days old
DGRP_Line_189_Male_SAMN09738438,DGRP Line 189 Male,DGRP_189,male,3-5 days old
DGRP_Line_195_Male_SAMN09738683,DGRP Line 195 Male,DGRP_195,male,3-5 days old
DGRP_Line_21_Female_SAMN09738677,DGRP Line 21 Female,DGRP_21,female,3-5 days old
DGRP_Line_21_Male_SAMN09738675,DGRP Line 21 Male,DGRP_21,male,3-5 days old
DGRP_Line_21_Male_SAMN09738674,DGRP Line 21 Male,DGRP_21,male,3-5 days old
DGRP_Line_217_Female_SAMN09738673,DGRP Line 217 Female,DGRP_217,female,3-5 days old
DGRP_Line_217_Female_SAMN09738672,DGRP Line 217 Female,DGRP_217,female,3-5 days old
DGRP_Line_217_Male_SAMN09738670,DGRP Line 217 Male,DGRP_217,male,3-5 days old
DGRP_Line_223_Male_SAMN09738667,DGRP Line 223 Male,DGRP_223,male,3-5 days old
DGRP_Line_227_Female_SAMN09738665,DGRP Line 227 Female,DGRP_227,female,3-5 days old
DGRP_Line_227_Male_SAMN09738663,DGRP Line 227 Male,DGRP_227,male,3-5 days old
DGRP_Line_227_Male_SAMN09738662,DGRP Line 227 Male,DGRP_227,male,3-5 days old
DGRP_Line_228_Female_SAMN09738395,DGRP Line 228 Female,DGRP_228,female,3-5 days old
DGRP_Line_229_Female_SAMN09738392,DGRP Line 229 Female,DGRP_229,female,3-5 days old
DGRP_Line_229_Female_SAMN09738391,DGRP Line 229 Female,DGRP_229,female,3-5 days old
DGRP_Line_229_Male_SAMN09738390,DGRP Line 229 Male,DGRP_229,male,3-5 days old
DGRP_Line_233_Female_SAMN09738387,DGRP Line 233 Female,DGRP_233,female,3-5 days old
DGRP_Line_233_Male_SAMN09738386,DGRP Line 233 Male,DGRP_233,male,3-5 days old
DGRP_Line_235_Female_SAMN09738384,DGRP Line 235 Female,DGRP_235,female,3-5 days old
DGRP_Line_235_Male_SAMN09738382,DGRP Line 235 Male,DGRP_235,male,3-5 days old
DGRP_Line_235_Male_SAMN09738434,DGRP Line 235 Male,DGRP_235,male,3-5 days old
DGRP_Line_237_Female_SAMN09738433,DGRP Line 237 Female,DGRP_237,female,3-5 days old
DGRP_Line_237_Male_SAMN09738431,DGRP Line 237 Male,DGRP_237,male,3-5 days old
DGRP_Line_239_Female_SAMN09738428,DGRP Line 239 Female,DGRP_239,female,3-5 days old
DGRP_Line_239_Male_SAMN09738427,DGRP Line 239 Male,DGRP_239,male,3-5 days old
DGRP_Line_239_Male_SAMN09738426,DGRP Line 239 Male,DGRP_239,male,3-5 days old
DGRP_Line_256_Female_SAMN09738424,DGRP Line 256 Female,DGRP_256,female,3-5 days old
DGRP_Line_256_Male_SAMN09738423,DGRP Line 256 Male,DGRP_256,male,3-5 days old
DGRP_Line_26_Female_SAMN09738420,DGRP Line 26 Female,DGRP_26,female,3-5 days old
DGRP_Line_26_Male_SAMN09738358,DGRP Line 26 Male,DGRP_26,male,3-5 days old
DGRP_Line_28_Female_SAMN09738356,DGRP Line 28 Female,DGRP_28,female,3-5 days old
DGRP_Line_280_Female_SAMN09738353,DGRP Line 280 Female,DGRP_280,female,3-5 days old
DGRP_Line_301_Female_SAMN09738345,DGRP Line 301 Female,DGRP_301,female,3-5 days old
DGRP_Line_301_Female_SAMN09738344,DGRP Line 301 Female,DGRP_301,female,3-5 days old
DGRP_Line_301_Male_SAMN09738343,DGRP Line 301 Male,DGRP_301,male,3-5 days old
DGRP_Line_304_Female_SAMN09738336,DGRP Line 304 Female,DGRP_304,female,3-5 days old
DGRP_Line_306_Female_SAMN09738381,DGRP Line 306 Female,DGRP_306,female,3-5 days old
DGRP_Line_306_Female_SAMN09738380,DGRP Line 306 Female,DGRP_306,female,3-5 days old
DGRP_Line_306_Male_SAMN09738379,DGRP Line 306 Male,DGRP_306,male,3-5 days old
DGRP_Line_309_Male_SAMN09738375,DGRP Line 309 Male,DGRP_309,male,3-5 days old
DGRP_Line_309_Male_SAMN09738374,DGRP Line 309 Male,DGRP_309,male,3-5 days old
DGRP_Line_31_Female_SAMN09738372,DGRP Line 31 Female,DGRP_31,female,3-5 days old
DGRP_Line_313_Female_SAMN09738365,DGRP Line 313 Female,DGRP_313,female,3-5 days old
DGRP_Line_313_Female_SAMN09738364,DGRP Line 313 Female,DGRP_313,female,3-5 days old
DGRP_Line_319_Female_SAMN09738397,DGRP Line 319 Female,DGRP_319,female,3-5 days old
DGRP_Line_319_Male_SAMN09738396,DGRP Line 319 Male,DGRP_319,male,3-5 days old
DGRP_Line_32_Female_SAMN09738416,DGRP Line 32 Female,DGRP_32,female,3-5 days old
DGRP_Line_32_Male_SAMN09738415,DGRP Line 32 Male,DGRP_32,male,3-5 days old
DGRP_Line_32_Male_SAMN09738414,DGRP Line 32 Male,DGRP_32,male,3-5 days old
DGRP_Line_324_Female_SAMN09738650,DGRP Line 324 Female,DGRP_324,female,3-5 days old
DGRP_Line_324_Female_SAMN09738649,DGRP Line 324 Female,DGRP_324,female,3-5 days old
DGRP_Line_324_Male_SAMN09738648,DGRP Line 324 Male,DGRP_324,male,3-5 days old
DGRP_Line_324_Male_SAMN09738647,DGRP Line 324 Male,DGRP_324,male,3-5 days old
DGRP_Line_325_Female_SAMN09738646,DGRP Line 325 Female,DGRP_325,female,3-5 days old
DGRP_Line_332_Female_SAMN09738446,DGRP Line 332 Female,DGRP_332,female,3-5 days old
DGRP_Line_332_Male_SAMN09738444,DGRP Line 332 Male,DGRP_332,male,3-5 days old
DGRP_Line_335_Female_SAMN09738247,DGRP Line 335 Female,DGRP_335,female,3-5 days old
DGRP_Line_335_Male_SAMN09738243,DGRP Line 335 Male,DGRP_335,male,3-5 days old
DGRP_Line_335_Male_SAMN09738242,DGRP Line 335 Male,DGRP_335,male,3-5 days old
DGRP_Line_336_Male_SAMN09738245,DGRP Line 336 Male,DGRP_336,male,3-5 days old
DGRP_Line_338_Female_SAMN09738244,DGRP Line 338 Female,DGRP_338,female,3-5 days old
DGRP_Line_340_Female_SAMN09738302,DGRP Line 340 Female,DGRP_340,female,3-5 days old
DGRP_Line_340_Male_SAMN09738301,DGRP Line 340 Male,DGRP_340,male,3-5 days old
DGRP_Line_348_Female_SAMN09738299,DGRP Line 348 Female,DGRP_348,female,3-5 days old
DGRP_Line_350_Male_SAMN09738293,DGRP Line 350 Male,DGRP_350,male,3-5 days old
DGRP_Line_352_Male_SAMN09738288,DGRP Line 352 Male,DGRP_352,male,3-5 days old
DGRP_Line_354_Female_SAMN09738285,DGRP Line 354 Female,DGRP_354,female,3-5 days old
DGRP_Line_355_Female_SAMN09738333,DGRP Line 355 Female,DGRP_355,female,3-5 days old
DGRP_Line_355_Female_SAMN09738332,DGRP Line 355 Female,DGRP_355,female,3-5 days old
DGRP_Line_356_Female_SAMN09738329,DGRP Line 356 Female,DGRP_356,female,3-5 days old
DGRP_Line_356_Male_SAMN09738328,DGRP Line 356 Male,DGRP_356,male,3-5 days old
DGRP_Line_356_Male_SAMN09738327,DGRP Line 356 Male,DGRP_356,male,3-5 days old
DGRP_Line_357_Female_SAMN09738326,DGRP Line 357 Female,DGRP_357,female,3-5 days old
DGRP_Line_357_Male_SAMN09738324,DGRP Line 357 Male,DGRP_357,male,3-5 days old
DGRP_Line_358_Female_SAMN09738321,DGRP Line 358 Female,DGRP_358,female,3-5 days old
DGRP_Line_361_Female_SAMN09738310,DGRP Line 361 Female,DGRP_361,female,3-5 days old
DGRP_Line_361_Male_SAMN09738308,DGRP Line 361 Male,DGRP_361,male,3-5 days old
DGRP_Line_362_Female_SAMN09738359,DGRP Line 362 Female,DGRP_362,female,3-5 days old
DGRP_Line_362_Male_SAMN09738218,DGRP Line 362 Male,DGRP_362,male,3-5 days old
DGRP_Line_367_Female_SAMN09738279,DGRP Line 367 Female,DGRP_367,female,3-5 days old
DGRP_Line_367_Male_SAMN09738276,DGRP Line 367 Male,DGRP_367,male,3-5 days old
DGRP_Line_371_Male_SAMN09738266,DGRP Line 371 Male,DGRP_371,male,3-5 days old
DGRP_Line_371_Male_SAMN09738265,DGRP Line 371 Male,DGRP_371,male,3-5 days old
DGRP_Line_373_Female_SAMN09738263,DGRP Line 373 Female,DGRP_373,female,3-5 days old
DGRP_Line_373_Male_SAMN09738260,DGRP Line 373 Male,DGRP_373,male,3-5 days old
DGRP_Line_373_Male_SAMN09738259,DGRP Line 373 Male,DGRP_373,male,3-5 days old
DGRP_Line_374_Male_SAMN09738252,DGRP Line 374 Male,DGRP_374,male,3-5 days old
DGRP_Line_375_Female_SAMN09738250,DGRP Line 375 Female,DGRP_375,female,3-5 days old
DGRP_Line_375_Male_SAMN09738248,DGRP Line 375 Male,DGRP_375,male,3-5 days old
DGRP_Line_375_Male_SAMN09738184,DGRP Line 375 Male,DGRP_375,male,3-5 days old
DGRP_Line_377_Female_SAMN09738183,DGRP Line 377 Female,DGRP_377,female,3-5 days old
DGRP_Line_379_Male_SAMN09738148,DGRP Line 379 Male,DGRP_379,male,3-5 days old
DGRP_Line_38_Male_SAMN09738144,DGRP Line 38 Male,DGRP_38,male,3-5 days old
DGRP_Line_380_Female_SAMN09738141,DGRP Line 380 Female,DGRP_380,female,3-5 days old
DGRP_Line_382_Female_SAMN09738211,DGRP Line 382 Female,DGRP_382,female,3-5 days old
DGRP_Line_382_Female_SAMN09738210,DGRP Line 382 Female,DGRP_382,female,3-5 days old
DGRP_Line_383_Female_SAMN09738207,DGRP Line 383 Female,DGRP_383,female,3-5 days old
DGRP_Line_383_Female_SAMN09738206,DGRP Line 383 Female,DGRP_383,female,3-5 days old
DGRP_Line_383_Male_SAMN09738205,DGRP Line 383 Male,DGRP_383,male,3-5 days old
DGRP_Line_383_Male_SAMN09738204,DGRP Line 383 Male,DGRP_383,male,3-5 days old
DGRP_Line_385_Female_SAMN09738203,DGRP Line 385 Female,DGRP_385,female,3-5 days old
DGRP_Line_385_Male_SAMN09738197,DGRP Line 385 Male,DGRP_385,male,3-5 days old
DGRP_Line_390_Male_SAMN09738192,DGRP Line 390 Male,DGRP_390,male,3-5 days old
DGRP_Line_391_Female_SAMN09738240,DGRP Line 391 Female,DGRP_391,female,3-5 days old
DGRP_Line_392_Male_SAMN09738234,DGRP Line 392 Male,DGRP_392,male,3-5 days old
DGRP_Line_395_Female_SAMN09738232,DGRP Line 395 Female,DGRP_395,female,3-5 days old
DGRP_Line_395_Male_SAMN09738230,DGRP Line 395 Male,DGRP_395,male,3-5 days old
DGRP_Line_395_Male_SAMN09738229,DGRP Line 395 Male,DGRP_395,male,3-5 days old
DGRP_Line_397_Male_SAMN09738226,DGRP Line 397 Male,DGRP_397,male,3-5 days old
DGRP_Line_397_Male_SAMN09738225,DGRP Line 397 Male,DGRP_397,male,3-5 days old
DGRP_Line_40_Male_SAMN09738137,DGRP Line 40 Male,DGRP_40,male,3-5 days old
DGRP_Line_405_Male_SAMN09738133,DGRP Line 405 Male,DGRP_405,male,3-5 days old
DGRP_Line_409_Male_SAMN09738126,DGRP Line 409 Male,DGRP_409,male,3-5 days old
DGRP_Line_41_Female_SAMN09738123,DGRP Line 41 Female,DGRP_41,female,3-5 days old
DGRP_Line_42_Female_SAMN09738120,DGRP Line 42 Female,DGRP_42,female,3-5 days old
DGRP_Line_42_Male_SAMN09738191,DGRP Line 42 Male,DGRP_42,male,3-5 days old
DGRP_Line_426_Female_SAMN09738188,DGRP Line 426 Female,DGRP_426,female,3-5 days old
DGRP_Line_426_Male_SAMN09738187,DGRP Line 426 Male,DGRP_426,male,3-5 days old
DGRP_Line_426_Male_SAMN09738186,DGRP Line 426 Male,DGRP_426,male,3-5 days old
DGRP_Line_427_Female_SAMN09738185,DGRP Line 427 Female,DGRP_427,female,3-5 days old
DGRP_Line_437_Female_SAMN09738746,DGRP Line 437 Female,DGRP_437,female,3-5 days old
DGRP_Line_437_Male_SAMN09738743,DGRP Line 437 Male,DGRP_437,male,3-5 days old
DGRP_Line_439_Female_SAMN09738741,DGRP Line 439 Female,DGRP_439,female,3-5 days old
DGRP_Line_440_Female_SAMN09738737,DGRP Line 440 Female,DGRP_440,female,3-5 days old
DGRP_Line_440_Male_SAMN09738736,DGRP Line 440 Male,DGRP_440,male,3-5 days old
DGRP_Line_441_Male_SAMN09738731,DGRP Line 441 Male,DGRP_441,male,3-5 days old
DGRP_Line_443_Male_SAMN09738764,DGRP Line 443 Male,DGRP_443,male,3-5 days old
DGRP_Line_45_Female_SAMN09738762,DGRP Line 45 Female,DGRP_45,female,3-5 days old
DGRP_Line_45_Male_SAMN09738760,DGRP Line 45 Male,DGRP_45,male,3-5 days old
DGRP_Line_461_Female_SAMN09738758,DGRP Line 461 Female,DGRP_461,female,3-5 days old
DGRP_Line_461_Male_SAMN09738118,DGRP Line 461 Male,DGRP_461,male,3-5 days old
DGRP_Line_48_Male_SAMN09738114,DGRP Line 48 Male,DGRP_48,male,3-5 days old
DGRP_Line_48_Male_SAMN09738113,DGRP Line 48 Male,DGRP_48,male,3-5 days old
DGRP_Line_486_Female_SAMN09738112,DGRP Line 486 Female,DGRP_486,female,3-5 days old
DGRP_Line_486_Male_SAMN09738110,DGRP Line 486 Male,DGRP_486,male,3-5 days old
DGRP_Line_49_Female_SAMN09738109,DGRP Line 49 Female,DGRP_49,female,3-5 days old
DGRP_Line_49_Male_SAMN09738107,DGRP Line 49 Male,DGRP_49,male,3-5 days old
DGRP_Line_491_Female_SAMN09738104,DGRP Line 491 Female,DGRP_491,female,3-5 days old
DGRP_Line_492_Female_SAMN09738101,DGRP Line 492 Female,DGRP_492,female,3-5 days old
DGRP_Line_502_Male_SAMN09738804,DGRP Line 502 Male,DGRP_502,male,3-5 days old
DGRP_Line_508_Female_SAMN09738799,DGRP Line 508 Female,DGRP_508,female,3-5 days old
DGRP_Line_509_Male_SAMN09738793,DGRP Line 509 Male,DGRP_509,male,3-5 days old
DGRP_Line_517_Female_SAMN09738831,DGRP Line 517 Female,DGRP_517,female,3-5 days old
DGRP_Line_517_Female_SAMN09738830,DGRP Line 517 Female,DGRP_517,female,3-5 days old
DGRP_Line_517_Male_SAMN09738828,DGRP Line 517 Male,DGRP_517,male,3-5 days old
DGRP_Line_528_Male_SAMN09738825,DGRP Line 528 Male,DGRP_528,male,3-5 days old
DGRP_Line_528_Male_SAMN09738824,DGRP Line 528 Male,DGRP_528,male,3-5 days old
DGRP_Line_530_Female_SAMN09738823,DGRP Line 530 Female,DGRP_530,female,3-5 days old
DGRP_Line_530_Male_SAMN09738821,DGRP Line 530 Male,DGRP_530,male,3-5 days old
DGRP_Line_530_Male_SAMN09738820,DGRP Line 530 Male,DGRP_530,male,3-5 days old
DGRP_Line_531_Female_SAMN09738818,DGRP Line 531 Female,DGRP_531,female,3-5 days old
DGRP_Line_535_Female_SAMN09738865,DGRP Line 535 Female,DGRP_535,female,3-5 days old
DGRP_Line_535_Male_SAMN09738862,DGRP Line 535 Male,DGRP_535,male,3-5 days old
DGRP_Line_551_Female_SAMN09738860,DGRP Line 551 Female,DGRP_551,female,3-5 days old
DGRP_Line_551_Male_SAMN09738857,DGRP Line 551 Male,DGRP_551,male,3-5 days old
DGRP_Line_555_Female_SAMN09738861,DGRP Line 555 Female,DGRP_555,female,3-5 days old
DGRP_Line_555_Female_SAMN09738856,DGRP Line 555 Female,DGRP_555,female,3-5 days old
DGRP_Line_559_Female_SAMN09738853,DGRP Line 559 Female,DGRP_559,female,3-5 days old
DGRP_Line_559_Female_SAMN09738852,DGRP Line 559 Female,DGRP_559,female,3-5 days old
DGRP_Line_559_Male_SAMN09738850,DGRP Line 559 Male,DGRP_559,male,3-5 days old
DGRP_Line_563_Male_SAMN09738847,DGRP Line 563 Male,DGRP_563,male,3-5 days old
DGRP_Line_566_Female_SAMN09738845,DGRP Line 566 Female,DGRP_566,female,3-5 days old
DGRP_Line_566_Male_SAMN09738843,DGRP Line 566 Male,DGRP_566,male,3-5 days old
DGRP_Line_57_Female_SAMN09738841,DGRP Line 57 Female,DGRP_57,female,3-5 days old
DGRP_Line_584_Female_SAMN09738837,DGRP Line 584 Female,DGRP_584,female,3-5 days old
DGRP_Line_584_Male_SAMN09738913,DGRP Line 584 Male,DGRP_584,male,3-5 days old
DGRP_Line_589_Female_SAMN09738911,DGRP Line 589 Female,DGRP_589,female,3-5 days old
DGRP_Line_589_Male_SAMN09738910,DGRP Line 589 Male,DGRP_589,male,3-5 days old
DGRP_Line_589_Male_SAMN09738909,DGRP Line 589 Male,DGRP_589,male,3-5 days old
DGRP_Line_59_Male_SAMN09738906,DGRP Line 59 Male,DGRP_59,male,3-5 days old
DGRP_Line_595_Female_SAMN09738903,DGRP Line 595 Female,DGRP_595,female,3-5 days old
DGRP_Line_595_Male_SAMN09738901,DGRP Line 595 Male,DGRP_595,male,3-5 days old
DGRP_Line_627_Male_SAMN09738893,DGRP Line 627 Male,DGRP_627,male,3-5 days old
DGRP_Line_630_Female_SAMN09738943,DGRP Line 630 Female,DGRP_630,female,3-5 days old
DGRP_Line_630_Male_SAMN09738942,DGRP Line 630 Male,DGRP_630,male,3-5 days old
DGRP_Line_639_Female_SAMN09738891,DGRP Line 639 Female,DGRP_639,female,3-5 days old
DGRP_Line_639_Male_SAMN09738890,DGRP Line 639 Male,DGRP_639,male,3-5 days old
DGRP_Line_69_Female_SAMN09738884,DGRP Line 69 Female,DGRP_69,female,3-5 days old
DGRP_Line_703_Female_SAMN09738880,DGRP Line 703 Female,DGRP_703,female,3-5 days old
DGRP_Line_703_Male_SAMN09738878,DGRP Line 703 Male,DGRP_703,male,3-5 days old
DGRP_Line_712_Female_SAMN09738867,DGRP Line 712 Female,DGRP_712,female,3-5 days old
DGRP_Line_712_Male_SAMN09738866,DGRP Line 712 Male,DGRP_712,male,3-5 days old
DGRP_Line_712_Male_SAMN09738917,DGRP Line 712 Male,DGRP_712,male,3-5 days old
DGRP_Line_714_Male_SAMN09738934,DGRP Line 714 Male,DGRP_714,male,3-5 days old
DGRP_Line_721_Male_SAMN09738928,DGRP Line 721 Male,DGRP_721,male,3-5 days old
DGRP_Line_727_Female_SAMN09738927,DGRP Line 727 Female,DGRP_727,female,3-5 days old
DGRP_Line_727_Male_SAMN09738922,DGRP Line 727 Male,DGRP_727,male,3-5 days old
DGRP_Line_73_Male_SAMN09738919,DGRP Line 73 Male,DGRP_73,male,3-5 days old
DGRP_Line_73_Male_SAMN09738918,DGRP Line 73 Male,DGRP_73,male,3-5 days old
DGRP_Line_730_Female_SAMN09738970,DGRP Line 730 Female,DGRP_730,female,3-5 days old
DGRP_Line_732_Female_SAMN09738966,DGRP Line 732 Female,DGRP_732,female,3-5 days old
DGRP_Line_732_Male_SAMN09738964,DGRP Line 732 Male,DGRP_732,male,3-5 days old
DGRP_Line_737_Female_SAMN09738962,DGRP Line 737 Female,DGRP_737,female,3-5 days old
DGRP_Line_748_Female_SAMN09739051,DGRP Line 748 Female,DGRP_748,female,3-5 days old
DGRP_Line_75_Female_SAMN09739047,DGRP Line 75 Female,DGRP_75,female,3-5 days old
DGRP_Line_761_Female_SAMN09739039,DGRP Line 761 Female,DGRP_761,female,3-5 days old
DGRP_Line_765_Male_SAMN09739096,DGRP Line 765 Male,DGRP_765,male,3-5 days old
DGRP_Line_774_Female_SAMN09739094,DGRP Line 774 Female,DGRP_774,female,3-5 days old
DGRP_Line_774_Male_SAMN09739093,DGRP Line 774 Male,DGRP_774,male,3-5 days old
DGRP_Line_776_Female_SAMN09739090,DGRP Line 776 Female,DGRP_776,female,3-5 days old
DGRP_Line_783_Female_SAMN09739087,DGRP Line 783 Female,DGRP_783,female,3-5 days old
DGRP_Line_786_Male_SAMN09739081,DGRP Line 786 Male,DGRP_786,male,3-5 days old
DGRP_Line_787_Female_SAMN09739079,DGRP Line 787 Female,DGRP_787,female,3-5 days old
DGRP_Line_787_Male_SAMN09739077,DGRP Line 787 Male,DGRP_787,male,3-5 days old
DGRP_Line_790_Female_SAMN09739075,DGRP Line 790 Female,DGRP_790,female,3-5 days old
DGRP_Line_796_Female_SAMN09739071,DGRP Line 796 Female,DGRP_796,female,3-5 days old
DGRP_Line_796_Female_SAMN09739070,DGRP Line 796 Female,DGRP_796,female,3-5 days old
DGRP_Line_796_Male_SAMN09739069,DGRP Line 796 Male,DGRP_796,male,3-5 days old
DGRP_Line_799_Female_SAMN09739126,DGRP Line 799 Female,DGRP_799,female,3-5 days old
DGRP_Line_799_Male_SAMN09739124,DGRP Line 799 Male,DGRP_799,male,3-5 days old
DGRP_Line_799_Male_SAMN09739123,DGRP Line 799 Male,DGRP_799,male,3-5 days old
DGRP_Line_801_Male_SAMN09739120,DGRP Line 801 Male,DGRP_801,male,3-5 days old
DGRP_Line_805_Female_SAMN09739016,DGRP Line 805 Female,DGRP_805,female,3-5 days old
DGRP_Line_805_Male_SAMN09739008,DGRP Line 805 Male,DGRP_805,male,3-5 days old
DGRP_Line_808_Female_SAMN09739007,DGRP Line 808 Female,DGRP_808,female,3-5 days old
DGRP_Line_808_Male_SAMN09739004,DGRP Line 808 Male,DGRP_808,male,3-5 days old
DGRP_Line_810_Female_SAMN09739003,DGRP Line 810 Female,DGRP_810,female,3-5 days old
DGRP_Line_818_Female_SAMN09739061,DGRP Line 818 Female,DGRP_818,female,3-5 days old
DGRP_Line_818_Male_SAMN09739060,DGRP Line 818 Male,DGRP_818,male,3-5 days old
DGRP_Line_819_Female_SAMN09739058,DGRP Line 819 Female,DGRP_819,female,3-5 days old
DGRP_Line_819_Male_SAMN09739056,DGRP Line 819 Male,DGRP_819,male,3-5 days old
DGRP_Line_819_Male_SAMN09738957,DGRP Line 819 Male,DGRP_819,male,3-5 days old
DGRP_Line_820_Male_SAMN09738951,DGRP Line 820 Male,DGRP_820,male,3-5 days old
DGRP_Line_821_Female_SAMN09738950,DGRP Line 821 Female,DGRP_821,female,3-5 days old
DGRP_Line_822_Female_SAMN09738948,DGRP Line 822 Female,DGRP_822,female,3-5 days old
DGRP_Line_822_Male_SAMN09738945,DGRP Line 822 Male,DGRP_822,male,3-5 days old
DGRP_Line_832_Male_SAMN09738995,DGRP Line 832 Male,DGRP_832,male,3-5 days old
DGRP_Line_832_Male_SAMN09738994,DGRP Line 832 Male,DGRP_832,male,3-5 days old
DGRP_Line_837_Female_SAMN09738993,DGRP Line 837 Female,DGRP_837,female,3-5 days old
DGRP_Line_843_Female_SAMN09738989,DGRP Line 843 Female,DGRP_843,female,3-5 days old
DGRP_Line_843_Female_SAMN09738988,DGRP Line 843 Female,DGRP_843,female,3-5 days old
DGRP_Line_843_Male_SAMN09738986,DGRP Line 843 Male,DGRP_843,male,3-5 days old
DGRP_Line_85_Female_SAMN09738980,DGRP Line 85 Female,DGRP_85,female,3-5 days old
DGRP_Line_85_Male_SAMN09738979,DGRP Line 85 Male,DGRP_85,male,3-5 days old
DGRP_Line_85_Male_SAMN09738978,DGRP Line 85 Male,DGRP_85,male,3-5 days old
DGRP_Line_850_Female_SAMN09738976,DGRP Line 850 Female,DGRP_850,female,3-5 days old
DGRP_Line_850_Male_SAMN09738975,DGRP Line 850 Male,DGRP_850,male,3-5 days old
DGRP_Line_852_Female_SAMN09738973,DGRP Line 852 Female,DGRP_852,female,3-5 days old
DGRP_Line_853_Male_SAMN09739031,DGRP Line 853 Male,DGRP_853,male,3-5 days old
DGRP_Line_861_Male_SAMN09739117,DGRP Line 861 Male,DGRP_861,male,3-5 days old
DGRP_Line_882_Female_SAMN09739105,DGRP Line 882 Female,DGRP_882,female,3-5 days old
DGRP_Line_882_Male_SAMN09739111,DGRP Line 882 Male,DGRP_882,male,3-5 days old
DGRP_Line_890_Female_SAMN09739104,DGRP Line 890 Female,DGRP_890,female,3-5 days old
DGRP_Line_890_Male_SAMN09739101,DGRP Line 890 Male,DGRP_890,male,3-5 days old
DGRP_Line_894_Female_SAMN09739158,DGRP Line 894 Female,DGRP_894,female,3-5 days old
DGRP_Line_894_Male_SAMN09739156,DGRP Line 894 Male,DGRP_894,male,3-5 days old
DGRP_Line_907_Male_SAMN09739145,DGRP Line 907 Male,DGRP_907,male,3-5 days old
DGRP_Line_911_Female_SAMN09739135,DGRP Line 911 Female,DGRP_911,female,3-5 days old
DGRP_Line_913_Male_SAMN09739129,DGRP Line 913 Male,DGRP_913,male,3-5 days old
DGRP_Line_93_Male_SAMN09739162,DGRP Line 93 Male,DGRP_93,male,3-5 days old
DGRP_Line_93_Male_SAMN09739161,DGRP Line 93 Male,DGRP_93,male,3-5 days old
DGRP_Line_101_Female_SAMN09738655,DGRP Line 101 Female,DGRP_101,female,3-5 days old
DGRP_Line_101_Male_SAMN09738704,DGRP Line 101 Male,DGRP_101,male,3-5 days old
DGRP_Line_105_Male_SAMN09738700,DGRP Line 105 Male,DGRP_105,male,3-5 days old
DGRP_Line_109_Female_SAMN09738699,DGRP Line 109 Female,DGRP_109,female,3-5 days old
DGRP_Line_109_Male_SAMN09738697,DGRP Line 109 Male,DGRP_109,male,3-5 days old
DGRP_Line_109_Male_SAMN09738696,DGRP Line 109 Male,DGRP_109,male,3-5 days old
DGRP_Line_129_Male_SAMN09738692,DGRP Line 129 Male,DGRP_129,male,3-5 days old
DGRP_Line_138_Male_SAMN09738684,DGRP Line 138 Male,DGRP_138,male,3-5 days old
DGRP_Line_142_Female_SAMN09738729,DGRP Line 142 Female,DGRP_142,female,3-5 days old
DGRP_Line_142_Male_SAMN09738728,DGRP Line 142 Male,DGRP_142,male,3-5 days old
DGRP_Line_149_Female_SAMN09738725,DGRP Line 149 Female,DGRP_149,female,3-5 days old
DGRP_Line_149_Male_SAMN09738724,DGRP Line 149 Male,DGRP_149,male,3-5 days old
DGRP_Line_153_Female_SAMN09738722,DGRP Line 153 Female,DGRP_153,female,3-5 days old
DGRP_Line_158_Female_SAMN09738717,DGRP Line 158 Female,DGRP_158,female,3-5 days old
DGRP_Line_158_Male_SAMN09738715,DGRP Line 158 Male,DGRP_158,male,3-5 days old
DGRP_Line_189_Female_SAMN09738440,DGRP Line 189 Female,DGRP_189,female,3-5 days old
DGRP_Line_189_Male_SAMN09738437,DGRP Line 189 Male,DGRP_189,male,3-5 days old
DGRP_Line_195_Female_SAMN09738435,DGRP Line 195 Female,DGRP_195,female,3-5 days old
DGRP_Line_208_Female_SAMN09738681,DGRP Line 208 Female,DGRP_208,female,3-5 days old
DGRP_Line_208_Female_SAMN09738680,DGRP Line 208 Female,DGRP_208,female,3-5 days old
DGRP_Line_208_Male_SAMN09738678,DGRP Line 208 Male,DGRP_208,male,3-5 days old
DGRP_Line_21_Female_SAMN09738676,DGRP Line 21 Female,DGRP_21,female,3-5 days old
DGRP_Line_228_Male_SAMN09738393,DGRP Line 228 Male,DGRP_228,male,3-5 days old
DGRP_Line_233_Female_SAMN09738388,DGRP Line 233 Female,DGRP_233,female,3-5 days old
DGRP_Line_235_Female_SAMN09738383,DGRP Line 235 Female,DGRP_235,female,3-5 days old
DGRP_Line_256_Male_SAMN09738422,DGRP Line 256 Male,DGRP_256,male,3-5 days old
DGRP_Line_26_Female_SAMN09738421,DGRP Line 26 Female,DGRP_26,female,3-5 days old
DGRP_Line_28_Male_SAMN09738354,DGRP Line 28 Male,DGRP_28,male,3-5 days old
DGRP_Line_280_Female_SAMN09738352,DGRP Line 280 Female,DGRP_280,female,3-5 days old
DGRP_Line_280_Male_SAMN09738351,DGRP Line 280 Male,DGRP_280,male,3-5 days old
DGRP_Line_280_Male_SAMN09738350,DGRP Line 280 Male,DGRP_280,male,3-5 days old
DGRP_Line_287_Female_SAMN09738349,DGRP Line 287 Female,DGRP_287,female,3-5 days old
DGRP_Line_287_Female_SAMN09738348,DGRP Line 287 Female,DGRP_287,female,3-5 days old
DGRP_Line_287_Male_SAMN09738347,DGRP Line 287 Male,DGRP_287,male,3-5 days old
DGRP_Line_303_Female_SAMN09738341,DGRP Line 303 Female,DGRP_303,female,3-5 days old
DGRP_Line_303_Male_SAMN09738338,DGRP Line 303 Male,DGRP_303,male,3-5 days old
DGRP_Line_304_Female_SAMN09738337,DGRP Line 304 Female,DGRP_304,female,3-5 days old
DGRP_Line_304_Male_SAMN09738334,DGRP Line 304 Male,DGRP_304,male,3-5 days old
DGRP_Line_306_Male_SAMN09738378,DGRP Line 306 Male,DGRP_306,male,3-5 days old
DGRP_Line_309_Female_SAMN09738377,DGRP Line 309 Female,DGRP_309,female,3-5 days old
DGRP_Line_309_Female_SAMN09738376,DGRP Line 309 Female,DGRP_309,female,3-5 days old
DGRP_Line_31_Female_SAMN09738373,DGRP Line 31 Female,DGRP_31,female,3-5 days old
DGRP_Line_31_Male_SAMN09738371,DGRP Line 31 Male,DGRP_31,male,3-5 days old
DGRP_Line_31_Male_SAMN09738370,DGRP Line 31 Male,DGRP_31,male,3-5 days old
DGRP_Line_310_Female_SAMN09738368,DGRP Line 310 Female,DGRP_310,female,3-5 days old
DGRP_Line_313_Male_SAMN09738363,DGRP Line 313 Male,DGRP_313,male,3-5 days old
DGRP_Line_315_Female_SAMN09738361,DGRP Line 315 Female,DGRP_315,female,3-5 days old
DGRP_Line_317_Female_SAMN09738405,DGRP Line 317 Female,DGRP_317,female,3-5 days old
DGRP_Line_318_Female_SAMN09738402,DGRP Line 318 Female,DGRP_318,female,3-5 days old
DGRP_Line_318_Female_SAMN09738401,DGRP Line 318 Female,DGRP_318,female,3-5 days old
DGRP_Line_318_Male_SAMN09738400,DGRP Line 318 Male,DGRP_318,male,3-5 days old
DGRP_Line_319_Male_SAMN09738418,DGRP Line 319 Male,DGRP_319,male,3-5 days old
DGRP_Line_321_Female_SAMN09738654,DGRP Line 321 Female,DGRP_321,female,3-5 days old
DGRP_Line_321_Female_SAMN09738653,DGRP Line 321 Female,DGRP_321,female,3-5 days old
DGRP_Line_325_Female_SAMN09738645,DGRP Line 325 Female,DGRP_325,female,3-5 days old
DGRP_Line_325_Male_SAMN09738644,DGRP Line 325 Male,DGRP_325,male,3-5 days old
DGRP_Line_325_Male_SAMN09738447,DGRP Line 325 Male,DGRP_325,male,3-5 days old
DGRP_Line_332_Female_SAMN09738445,DGRP Line 332 Female,DGRP_332,female,3-5 days old
DGRP_Line_335_Female_SAMN09738442,DGRP Line 335 Female,DGRP_335,female,3-5 days old
DGRP_Line_336_Female_SAMN09738307,DGRP Line 336 Female,DGRP_336,female,3-5 days old
DGRP_Line_336_Male_SAMN09738246,DGRP Line 336 Male,DGRP_336,male,3-5 days old
DGRP_Line_338_Female_SAMN09738306,DGRP Line 338 Female,DGRP_338,female,3-5 days old
DGRP_Line_338_Male_SAMN09738304,DGRP Line 338 Male,DGRP_338,male,3-5 days old
DGRP_Line_340_Female_SAMN09738303,DGRP Line 340 Female,DGRP_340,female,3-5 days old
DGRP_Line_340_Male_SAMN09738300,DGRP Line 340 Male,DGRP_340,male,3-5 days old
DGRP_Line_348_Male_SAMN09738296,DGRP Line 348 Male,DGRP_348,male,3-5 days old
DGRP_Line_350_Female_SAMN09738295,DGRP Line 350 Female,DGRP_350,female,3-5 days old
DGRP_Line_352_Female_SAMN09738291,DGRP Line 352 Female,DGRP_352,female,3-5 days old
DGRP_Line_354_Male_SAMN09738284,DGRP Line 354 Male,DGRP_354,male,3-5 days old
DGRP_Line_354_Male_SAMN09738283,DGRP Line 354 Male,DGRP_354,male,3-5 days old
DGRP_Line_355_Male_SAMN09738331,DGRP Line 355 Male,DGRP_355,male,3-5 days old
DGRP_Line_355_Male_SAMN09738330,DGRP Line 355 Male,DGRP_355,male,3-5 days old
DGRP_Line_359_Male_SAMN09738316,DGRP Line 359 Male,DGRP_359,male,3-5 days old
DGRP_Line_359_Male_SAMN09738315,DGRP Line 359 Male,DGRP_359,male,3-5 days old
DGRP_Line_360_Female_SAMN09738314,DGRP Line 360 Female,DGRP_360,female,3-5 days old
DGRP_Line_360_Female_SAMN09738313,DGRP Line 360 Female,DGRP_360,female,3-5 days old
DGRP_Line_360_Male_SAMN09738311,DGRP Line 360 Male,DGRP_360,male,3-5 days old
DGRP_Line_362_Male_SAMN09738219,DGRP Line 362 Male,DGRP_362,male,3-5 days old
DGRP_Line_365_Male_SAMN09738281,DGRP Line 365 Male,DGRP_365,male,3-5 days old
DGRP_Line_365_Male_SAMN09738280,DGRP Line 365 Male,DGRP_365,male,3-5 days old
DGRP_Line_370_Male_SAMN09738270,DGRP Line 370 Male,DGRP_370,male,3-5 days old
DGRP_Line_371_Female_SAMN09738269,DGRP Line 371 Female,DGRP_371,female,3-5 days old
DGRP_Line_371_Female_SAMN09738268,DGRP Line 371 Female,DGRP_371,female,3-5 days old
DGRP_Line_373_Female_SAMN09738262,DGRP Line 373 Female,DGRP_373,female,3-5 days old
DGRP_Line_374_Female_SAMN09738257,DGRP Line 374 Female,DGRP_374,female,3-5 days old
DGRP_Line_374_Female_SAMN09738255,DGRP Line 374 Female,DGRP_374,female,3-5 days old
DGRP_Line_374_Male_SAMN09738253,DGRP Line 374 Male,DGRP_374,male,3-5 days old
DGRP_Line_377_Female_SAMN09738182,DGRP Line 377 Female,DGRP_377,female,3-5 days old
DGRP_Line_377_Male_SAMN09738152,DGRP Line 377 Male,DGRP_377,male,3-5 days old
DGRP_Line_379_Female_SAMN09738150,DGRP Line 379 Female,DGRP_379,female,3-5 days old
DGRP_Line_379_Male_SAMN09738147,DGRP Line 379 Male,DGRP_379,male,3-5 days old
DGRP_Line_38_Female_SAMN09738146,DGRP Line 38 Female,DGRP_38,female,3-5 days old
DGRP_Line_38_Male_SAMN09738143,DGRP Line 38 Male,DGRP_38,male,3-5 days old
DGRP_Line_380_Female_SAMN09738142,DGRP Line 380 Female,DGRP_380,female,3-5 days old
DGRP_Line_381_Female_SAMN09738215,DGRP Line 381 Female,DGRP_381,female,3-5 days old
DGRP_Line_381_Male_SAMN09738213,DGRP Line 381 Male,DGRP_381,male,3-5 days old
DGRP_Line_382_Male_SAMN09738208,DGRP Line 382 Male,DGRP_382,male,3-5 days old
DGRP_Line_385_Male_SAMN09738196,DGRP Line 385 Male,DGRP_385,male,3-5 days old
DGRP_Line_386_Female_SAMN09738195,DGRP Line 386 Female,DGRP_386,female,3-5 days old
DGRP_Line_386_Female_SAMN09738194,DGRP Line 386 Female,DGRP_386,female,3-5 days old
DGRP_Line_390_Female_SAMN09738199,DGRP Line 390 Female,DGRP_390,female,3-5 days old
DGRP_Line_391_Female_SAMN09738239,DGRP Line 391 Female,DGRP_391,female,3-5 days old
DGRP_Line_392_Female_SAMN09738235,DGRP Line 392 Female,DGRP_392,female,3-5 days old
DGRP_Line_397_Female_SAMN09738228,DGRP Line 397 Female,DGRP_397,female,3-5 days old
DGRP_Line_399_Male_SAMN09738221,DGRP Line 399 Male,DGRP_399,male,3-5 days old
DGRP_Line_399_Male_SAMN09738097,DGRP Line 399 Male,DGRP_399,male,3-5 days old
DGRP_Line_40_Female_SAMN09738096,DGRP Line 40 Female,DGRP_40,female,3-5 days old
DGRP_Line_40_Female_SAMN09738139,DGRP Line 40 Female,DGRP_40,female,3-5 days old
DGRP_Line_405_Female_SAMN09738136,DGRP Line 405 Female,DGRP_405,female,3-5 days old
DGRP_Line_405_Male_SAMN09738134,DGRP Line 405 Male,DGRP_405,male,3-5 days old
DGRP_Line_406_Female_SAMN09738131,DGRP Line 406 Female,DGRP_406,female,3-5 days old
DGRP_Line_406_Male_SAMN09738129,DGRP Line 406 Male,DGRP_406,male,3-5 days old
DGRP_Line_409_Female_SAMN09738127,DGRP Line 409 Female,DGRP_409,female,3-5 days old
DGRP_Line_41_Male_SAMN09738121,DGRP Line 41 Male,DGRP_41,male,3-5 days old
DGRP_Line_42_Female_SAMN09738119,DGRP Line 42 Female,DGRP_42,female,3-5 days old
DGRP_Line_427_Male_SAMN09738748,DGRP Line 427 Male,DGRP_427,male,3-5 days old
DGRP_Line_437_Male_SAMN09738744,DGRP Line 437 Male,DGRP_437,male,3-5 days old
DGRP_Line_439_Male_SAMN09738740,DGRP Line 439 Male,DGRP_439,male,3-5 days old
DGRP_Line_440_Female_SAMN09738738,DGRP Line 440 Female,DGRP_440,female,3-5 days old
DGRP_Line_441_Male_SAMN09738732,DGRP Line 441 Male,DGRP_441,male,3-5 days old
DGRP_Line_461_Female_SAMN09738757,DGRP Line 461 Female,DGRP_461,female,3-5 days old
DGRP_Line_461_Male_SAMN09738117,DGRP Line 461 Male,DGRP_461,male,3-5 days old
DGRP_Line_48_Female_SAMN09738115,DGRP Line 48 Female,DGRP_48,female,3-5 days old
DGRP_Line_49_Male_SAMN09738106,DGRP Line 49 Male,DGRP_49,male,3-5 days old
DGRP_Line_502_Male_SAMN09738805,DGRP Line 502 Male,DGRP_502,male,3-5 days old
DGRP_Line_505_Female_SAMN09738802,DGRP Line 505 Female,DGRP_505,female,3-5 days old
DGRP_Line_508_Male_SAMN09738797,DGRP Line 508 Male,DGRP_508,male,3-5 days old
DGRP_Line_509_Female_SAMN09738795,DGRP Line 509 Female,DGRP_509,female,3-5 days old
DGRP_Line_513_Female_SAMN09738835,DGRP Line 513 Female,DGRP_513,female,3-5 days old
DGRP_Line_513_Female_SAMN09738834,DGRP Line 513 Female,DGRP_513,female,3-5 days old
DGRP_Line_513_Male_SAMN09738832,DGRP Line 513 Male,DGRP_513,male,3-5 days old
DGRP_Line_528_Female_SAMN09738826,DGRP Line 528 Female,DGRP_528,female,3-5 days old
DGRP_Line_530_Female_SAMN09738822,DGRP Line 530 Female,DGRP_530,female,3-5 days old
DGRP_Line_531_Female_SAMN09738819,DGRP Line 531 Female,DGRP_531,female,3-5 days old
DGRP_Line_531_Male_SAMN09738817,DGRP Line 531 Male,DGRP_531,male,3-5 days old
DGRP_Line_535_Female_SAMN09738864,DGRP Line 535 Female,DGRP_535,female,3-5 days old
DGRP_Line_555_Male_SAMN09738854,DGRP Line 555 Male,DGRP_555,male,3-5 days old
DGRP_Line_563_Female_SAMN09738848,DGRP Line 563 Female,DGRP_563,female,3-5 days old
DGRP_Line_563_Male_SAMN09738846,DGRP Line 563 Male,DGRP_563,male,3-5 days old
DGRP_Line_566_Female_SAMN09738844,DGRP Line 566 Female,DGRP_566,female,3-5 days old
DGRP_Line_57_Female_SAMN09738840,DGRP Line 57 Female,DGRP_57,female,3-5 days old
DGRP_Line_57_Male_SAMN09738839,DGRP Line 57 Male,DGRP_57,male,3-5 days old
DGRP_Line_584_Female_SAMN09738836,DGRP Line 584 Female,DGRP_584,female,3-5 days old
DGRP_Line_584_Male_SAMN09738892,DGRP Line 584 Male,DGRP_584,male,3-5 days old
DGRP_Line_59_Female_SAMN09738907,DGRP Line 59 Female,DGRP_59,female,3-5 days old
DGRP_Line_595_Male_SAMN09738902,DGRP Line 595 Male,DGRP_595,male,3-5 days old
DGRP_Line_596_Female_SAMN09738899,DGRP Line 596 Female,DGRP_596,female,3-5 days old
DGRP_Line_596_Male_SAMN09738897,DGRP Line 596 Male,DGRP_596,male,3-5 days old
DGRP_Line_630_Male_SAMN09738940,DGRP Line 630 Male,DGRP_630,male,3-5 days old
DGRP_Line_634_Female_SAMN09738938,DGRP Line 634 Female,DGRP_634,female,3-5 days old
DGRP_Line_634_Male_SAMN09738936,DGRP Line 634 Male,DGRP_634,male,3-5 days old
DGRP_Line_642_Male_SAMN09738885,DGRP Line 642 Male,DGRP_642,male,3-5 days old
DGRP_Line_69_Male_SAMN09738882,DGRP Line 69 Male,DGRP_69,male,3-5 days old
DGRP_Line_69_Male_SAMN09738881,DGRP Line 69 Male,DGRP_69,male,3-5 days old
DGRP_Line_703_Female_SAMN09738879,DGRP Line 703 Female,DGRP_703,female,3-5 days old
DGRP_Line_707_Female_SAMN09738871,DGRP Line 707 Female,DGRP_707,female,3-5 days old
DGRP_Line_721_Female_SAMN09738925,DGRP Line 721 Female,DGRP_721,female,3-5 days old
DGRP_Line_721_Male_SAMN09738929,DGRP Line 721 Male,DGRP_721,male,3-5 days old
DGRP_Line_727_Female_SAMN09738926,DGRP Line 727 Female,DGRP_727,female,3-5 days old
DGRP_Line_727_Male_SAMN09738923,DGRP Line 727 Male,DGRP_727,male,3-5 days old
DGRP_Line_73_Female_SAMN09738920,DGRP Line 73 Female,DGRP_73,female,3-5 days old
DGRP_Line_730_Male_SAMN09738968,DGRP Line 730 Male,DGRP_730,male,3-5 days old
DGRP_Line_732_Female_SAMN09738965,DGRP Line 732 Female,DGRP_732,female,3-5 days old
DGRP_Line_737_Male_SAMN09738960,DGRP Line 737 Male,DGRP_737,male,3-5 days old
DGRP_Line_737_Male_SAMN09738959,DGRP Line 737 Male,DGRP_737,male,3-5 days old
DGRP_Line_738_Female_SAMN09738958,DGRP Line 738 Female,DGRP_738,female,3-5 days old
DGRP_Line_738_Male_SAMN09739053,DGRP Line 738 Male,DGRP_738,male,3-5 days old
DGRP_Line_748_Male_SAMN09739050,DGRP Line 748 Male,DGRP_748,male,3-5 days old
DGRP_Line_75_Female_SAMN09739048,DGRP Line 75 Female,DGRP_75,female,3-5 days old
DGRP_Line_757_Male_SAMN09739042,DGRP Line 757 Male,DGRP_757,male,3-5 days old
DGRP_Line_761_Female_SAMN09739040,DGRP Line 761 Female,DGRP_761,female,3-5 days old
DGRP_Line_765_Female_SAMN09739035,DGRP Line 765 Female,DGRP_765,female,3-5 days old
DGRP_Line_776_Female_SAMN09739091,DGRP Line 776 Female,DGRP_776,female,3-5 days old
DGRP_Line_776_Male_SAMN09739088,DGRP Line 776 Male,DGRP_776,male,3-5 days old
DGRP_Line_783_Female_SAMN09739086,DGRP Line 783 Female,DGRP_783,female,3-5 days old
DGRP_Line_783_Male_SAMN09739084,DGRP Line 783 Male,DGRP_783,male,3-5 days old
DGRP_Line_786_Female_SAMN09739082,DGRP Line 786 Female,DGRP_786,female,3-5 days old
DGRP_Line_787_Female_SAMN09739078,DGRP Line 787 Female,DGRP_787,female,3-5 days old
DGRP_Line_801_Female_SAMN09739122,DGRP Line 801 Female,DGRP_801,female,3-5 days old
DGRP_Line_802_Male_SAMN09739017,DGRP Line 802 Male,DGRP_802,male,3-5 days old
DGRP_Line_804_Female_SAMN09739013,DGRP Line 804 Female,DGRP_804,female,3-5 days old
DGRP_Line_805_Female_SAMN09739010,DGRP Line 805 Female,DGRP_805,female,3-5 days old
DGRP_Line_810_Male_SAMN09739068,DGRP Line 810 Male,DGRP_810,male,3-5 days old
DGRP_Line_810_Male_SAMN09739067,DGRP Line 810 Male,DGRP_810,male,3-5 days old
DGRP_Line_812_Male_SAMN09739063,DGRP Line 812 Male,DGRP_812,male,3-5 days old
DGRP_Line_818_Male_SAMN09739059,DGRP Line 818 Male,DGRP_818,male,3-5 days old
DGRP_Line_819_Female_SAMN09739057,DGRP Line 819 Female,DGRP_819,female,3-5 days old
DGRP_Line_820_Male_SAMN09738954,DGRP Line 820 Male,DGRP_820,male,3-5 days old
DGRP_Line_821_Male_SAMN09738953,DGRP Line 821 Male,DGRP_821,male,3-5 days old
DGRP_Line_821_Male_SAMN09738952,DGRP Line 821 Male,DGRP_821,male,3-5 days old
DGRP_Line_822_Female_SAMN09738947,DGRP Line 822 Female,DGRP_822,female,3-5 days old
DGRP_Line_822_Male_SAMN09738946,DGRP Line 822 Male,DGRP_822,male,3-5 days old
DGRP_Line_832_Female_SAMN09738996,DGRP Line 832 Female,DGRP_832,female,3-5 days old
DGRP_Line_837_Male_SAMN09738990,DGRP Line 837 Male,DGRP_837,male,3-5 days old
DGRP_Line_849_Female_SAMN09738985,DGRP Line 849 Female,DGRP_849,female,3-5 days old
DGRP_Line_849_Male_SAMN09738983,DGRP Line 849 Male,DGRP_849,male,3-5 days old
DGRP_Line_849_Male_SAMN09738982,DGRP Line 849 Male,DGRP_849,male,3-5 days old
DGRP_Line_850_Female_SAMN09738977,DGRP Line 850 Female,DGRP_850,female,3-5 days old
DGRP_Line_850_Male_SAMN09738974,DGRP Line 850 Male,DGRP_850,male,3-5 days old
DGRP_Line_853_Female_SAMN09739033,DGRP Line 853 Female,DGRP_853,female,3-5 days old
DGRP_Line_855_Female_SAMN09739028,DGRP Line 855 Female,DGRP_855,female,3-5 days old
DGRP_Line_855_Male_SAMN09739027,DGRP Line 855 Male,DGRP_855,male,3-5 days old
DGRP_Line_855_Male_SAMN09739026,DGRP Line 855 Male,DGRP_855,male,3-5 days old
DGRP_Line_857_Male_SAMN09739022,DGRP Line 857 Male,DGRP_857,male,3-5 days old
DGRP_Line_861_Female_SAMN09739021,DGRP Line 861 Female,DGRP_861,female,3-5 days old
DGRP_Line_88_Male_SAMN09739114,DGRP Line 88 Male,DGRP_88,male,3-5 days old
DGRP_Line_88_Male_SAMN09739113,DGRP Line 88 Male,DGRP_88,male,3-5 days old
DGRP_Line_882_Male_SAMN09739110,DGRP Line 882 Male,DGRP_882,male,3-5 days old
DGRP_Line_884_Female_SAMN09739108,DGRP Line 884 Female,DGRP_884,female,3-5 days old
DGRP_Line_884_Male_SAMN09739107,DGRP Line 884 Male,DGRP_884,male,3-5 days old
DGRP_Line_884_Male_SAMN09739106,DGRP Line 884 Male,DGRP_884,male,3-5 days old
DGRP_Line_890_Female_SAMN09739103,DGRP Line 890 Female,DGRP_890,female,3-5 days old
DGRP_Line_897_Female_SAMN09739155,DGRP Line 897 Female,DGRP_897,female,3-5 days old
DGRP_Line_900_Female_SAMN09739151,DGRP Line 900 Female,DGRP_900,female,3-5 days old
DGRP_Line_900_Male_SAMN09739149,DGRP Line 900 Male,DGRP_900,male,3-5 days old
DGRP_Line_900_Male_SAMN09739148,DGRP Line 900 Male,DGRP_900,male,3-5 days old
DGRP_Line_908_Female_SAMN09739143,DGRP Line 908 Female,DGRP_908,female,3-5 days old
DGRP_Line_908_Female_SAMN09739142,DGRP Line 908 Female,DGRP_908,female,3-5 days old
DGRP_Line_91_Male_SAMN09739136,DGRP Line 91 Male,DGRP_91,male,3-5 days old
DGRP_Line_911_Female_SAMN09739134,DGRP Line 911 Female,DGRP_911,female,3-5 days old
DGRP_Line_911_Male_SAMN09739132,DGRP Line 911 Male,DGRP_911,male,3-5 days old
DGRP_Line_913_Female_SAMN09739130,DGRP Line 913 Female,DGRP_913,female,3-5 days old
DGRP_Line_913_Male_SAMN09739128,DGRP Line 913 Male,DGRP_913,male,3-5 days old
DGRP_Line_93_Female_SAMN09739163,DGRP Line 93 Female,DGRP_93,female,3-5 days old
DGRP_Line_551_Male_SAMN09738858,DGRP Line 551 Male,DGRP_551,male,3-5 days old
